{"name":"State","arraignmentResults":{"AF":{"White":{"bailSet":{"raw":1085,"percent":27.213443691998997,"amount":207403.80737327188},"remanded":{"raw":1297,"percent":32.53072485578129},"released":{"raw":977,"percent":24.50464008026085},"totalCases":3987},"Black":{"bailSet":{"raw":1280,"percent":22.420739183744963,"amount":200169.37109375},"remanded":{"raw":2816,"percent":49.32562620423892},"released":{"raw":793,"percent":13.890348572429497},"totalCases":5709},"American Indian/Alaskan Native":{"bailSet":{"raw":1,"percent":5.555555555555555,"amount":15000},"remanded":{"raw":13,"percent":72.22222222222221},"released":{"raw":4,"percent":22.22222222222222},"totalCases":18},"Asian/Pacific Islander":{"bailSet":{"raw":42,"percent":23.595505617977526,"amount":103107.14285714286},"remanded":{"raw":47,"percent":26.40449438202247},"released":{"raw":61,"percent":34.26966292134831},"totalCases":178},"Other":{"bailSet":{"raw":29,"percent":23.387096774193548,"amount":321293.1034482759},"remanded":{"raw":55,"percent":44.354838709677416},"released":{"raw":33,"percent":26.61290322580645},"totalCases":124},"Unknown":{"bailSet":{"raw":189,"percent":22.82608695652174,"amount":240746.61375661375},"remanded":{"raw":453,"percent":54.710144927536234},"released":{"raw":127,"percent":15.338164251207727},"totalCases":828},"Any":{"bailSet":{"raw":2626,"percent":24.216156399852455,"amount":205793.61614623},"remanded":{"raw":4681,"percent":43.16672814459609},"released":{"raw":1995,"percent":18.3972703799336},"totalCases":10844}},"BF":{"White":{"bailSet":{"raw":6899,"percent":32.368396359200524,"amount":65079.38280910277},"remanded":{"raw":1993,"percent":9.350661537017922},"released":{"raw":10117,"percent":47.46645397391386},"totalCases":21314},"Black":{"bailSet":{"raw":14166,"percent":35.118250780901384,"amount":65680.56077933079},"remanded":{"raw":4794,"percent":11.884575338390599},"released":{"raw":16532,"percent":40.98368783777084},"totalCases":40338},"American Indian/Alaskan Native":{"bailSet":{"raw":33,"percent":37.93103448275862,"amount":25839.39393939394},"remanded":{"raw":5,"percent":5.747126436781609},"released":{"raw":43,"percent":49.42528735632184},"totalCases":87},"Asian/Pacific Islander":{"bailSet":{"raw":279,"percent":39.40677966101695,"amount":68007.16845878137},"remanded":{"raw":67,"percent":9.463276836158192},"released":{"raw":280,"percent":39.548022598870055},"totalCases":708},"Other":{"bailSet":{"raw":153,"percent":32.6226012793177,"amount":108902.61437908496},"remanded":{"raw":62,"percent":13.219616204690832},"released":{"raw":215,"percent":45.84221748400853},"totalCases":469},"Unknown":{"bailSet":{"raw":1147,"percent":31.35593220338983,"amount":90704.27201394943},"remanded":{"raw":666,"percent":18.20667031164571},"released":{"raw":1416,"percent":38.70967741935484},"totalCases":3658},"Any":{"bailSet":{"raw":22677,"percent":34.06284735782738,"amount":67025.62446531728},"remanded":{"raw":7587,"percent":11.39634091387028},"released":{"raw":28603,"percent":42.96422026616998},"totalCases":66574}},"CF":{"White":{"bailSet":{"raw":8102,"percent":38.8696987142583,"amount":32297.087632683288},"remanded":{"raw":1670,"percent":8.011897908270965},"released":{"raw":8715,"percent":41.81059297639608},"totalCases":20844},"Black":{"bailSet":{"raw":23565,"percent":46.30484761549194,"amount":33510.95633354551},"remanded":{"raw":4030,"percent":7.918885461083493},"released":{"raw":17259,"percent":33.91365860368238},"totalCases":50891},"American Indian/Alaskan Native":{"bailSet":{"raw":35,"percent":33.980582524271846,"amount":30702.85714285714},"remanded":{"raw":10,"percent":9.70873786407767},"released":{"raw":48,"percent":46.601941747572816},"totalCases":103},"Asian/Pacific Islander":{"bailSet":{"raw":365,"percent":34.6958174904943,"amount":24645.205479452055},"remanded":{"raw":39,"percent":3.70722433460076},"released":{"raw":528,"percent":50.19011406844106},"totalCases":1052},"Other":{"bailSet":{"raw":233,"percent":47.070707070707066,"amount":57712.44635193133},"remanded":{"raw":37,"percent":7.474747474747474},"released":{"raw":192,"percent":38.78787878787879},"totalCases":495},"Unknown":{"bailSet":{"raw":1157,"percent":34.48584202682564,"amount":41365.05099394987},"remanded":{"raw":429,"percent":12.786885245901638},"released":{"raw":1366,"percent":40.71535022354694},"totalCases":3355},"Any":{"bailSet":{"raw":33457,"percent":43.59786291373469,"amount":33557.49630869474},"remanded":{"raw":6215,"percent":8.09877508470159},"released":{"raw":28108,"percent":36.627573625228045},"totalCases":76740}},"DF":{"White":{"bailSet":{"raw":9699,"percent":20.992143367313812,"amount":18954.322301268174},"remanded":{"raw":3847,"percent":8.326299158063328},"released":{"raw":28869,"percent":62.48295565223037},"totalCases":46203},"Black":{"bailSet":{"raw":12870,"percent":22.885695995447755,"amount":16311.739782439783},"remanded":{"raw":4159,"percent":7.395618465040188},"released":{"raw":34516,"percent":61.37705384451241},"totalCases":56236},"American Indian/Alaskan Native":{"bailSet":{"raw":62,"percent":24.031007751937985,"amount":18171.854838709678},"remanded":{"raw":26,"percent":10.077519379844961},"released":{"raw":151,"percent":58.52713178294574},"totalCases":258},"Asian/Pacific Islander":{"bailSet":{"raw":432,"percent":16.60261337432744,"amount":18671.354166666668},"remanded":{"raw":53,"percent":2.0368946963873946},"released":{"raw":1950,"percent":74.9423520368947},"totalCases":2602},"Other":{"bailSet":{"raw":270,"percent":18.181818181818183,"amount":44733.22222222222},"remanded":{"raw":78,"percent":5.252525252525253},"released":{"raw":1034,"percent":69.62962962962963},"totalCases":1485},"Unknown":{"bailSet":{"raw":1410,"percent":17.52859273993038,"amount":22378.347517730497},"remanded":{"raw":864,"percent":10.740924912978619},"released":{"raw":5081,"percent":63.16509199403282},"totalCases":8044},"Any":{"bailSet":{"raw":24743,"percent":21.54788030793883,"amount":18049.314270702824},"remanded":{"raw":9027,"percent":7.86132302225938},"released":{"raw":71601,"percent":62.35500052252064},"totalCases":114828}},"EF":{"White":{"bailSet":{"raw":6474,"percent":15.508072629713027,"amount":11734.153846153846},"remanded":{"raw":3175,"percent":7.6055190916495},"released":{"raw":28297,"percent":67.78373975949792},"totalCases":41746},"Black":{"bailSet":{"raw":6725,"percent":17.663436030782968,"amount":11943.800743494423},"remanded":{"raw":3033,"percent":7.966275313214089},"released":{"raw":25078,"percent":65.86820056207812},"totalCases":38073},"American Indian/Alaskan Native":{"bailSet":{"raw":37,"percent":14.566929133858267,"amount":10582.432432432432},"remanded":{"raw":28,"percent":11.023622047244094},"released":{"raw":164,"percent":64.56692913385827},"totalCases":254},"Asian/Pacific Islander":{"bailSet":{"raw":255,"percent":13.761467889908257,"amount":12543.529411764706},"remanded":{"raw":36,"percent":1.9427954668105774},"released":{"raw":1412,"percent":76.20075553157044},"totalCases":1853},"Other":{"bailSet":{"raw":154,"percent":11.047345767575322,"amount":11026.623376623376},"remanded":{"raw":43,"percent":3.084648493543759},"released":{"raw":1096,"percent":78.62266857962697},"totalCases":1394},"Unknown":{"bailSet":{"raw":1004,"percent":11.503208065994501,"amount":13533.500996015937},"remanded":{"raw":763,"percent":8.74197983501375},"released":{"raw":6100,"percent":69.89000916590284},"totalCases":8728},"Any":{"bailSet":{"raw":14649,"percent":15.914522857639493,"amount":11957.461738002594},"remanded":{"raw":7078,"percent":7.689466365374587},"released":{"raw":62147,"percent":67.51586128976186},"totalCases":92048}},"AM":{"White":{"bailSet":{"raw":8404,"percent":3.999714442091236,"amount":3661.373274631128},"remanded":{"raw":1012,"percent":0.4816410061156986},"released":{"raw":166749,"percent":79.36082621421603},"totalCases":210115},"Black":{"bailSet":{"raw":9341,"percent":3.751857653532554,"amount":4052.563215929772},"remanded":{"raw":1159,"percent":0.465517933887617},"released":{"raw":194093,